{"metrics": {"rmse": 2.7032886362519193, "mae": 2.3533982854316724, "cf_precision": 0.046085997794928335, "cf_recall": 0.06700880278609055, "cf_cov": 0.985, "cb_precision": 0.614, "cb_recall": 0.006653496608207227}, "rating_hash": 1765378965.357968, "timestamp": "2025-12-10T22:04:27.269797"}