{"metrics": {"rmse": 2.69434279368279, "mae": 2.347207103993633, "cf_precision": 0.04696802646085998, "cf_recall": 0.07093068024710802, "cf_cov": 0.985, "cb_precision": 0.614, "cb_recall": 0.006653496608207227}, "rating_hash": 1765379429.7965147, "timestamp": "2025-12-11T17:11:48.137964"}