{"metrics": {"rmse": 1.1504683414972052, "mae": 0.8832138445592094, "cf_precision": 0.16720000000000004, "cf_recall": 0.1376754514332417, "cf_cov": 0.9, "cb_precision": 0.49599999999999994, "cb_recall": 0.00283172907721948}, "timestamp": "2025-12-12T20:55:30.744451"}