{"metrics": {"rmse": 1.1494361098163226, "mae": 0.8832694288449049, "cf_precision": 0.16766000000000003, "cf_recall": 0.1379009852226377, "cf_cov": 0.9, "cb_precision": 0.49599999999999994, "cb_recall": 0.00283172907721948}, "timestamp": "2025-12-17T18:41:48.638836"}